condition,subset,n,correct,accuracy,ci_low,ci_high
1,all,360,285,0.7917,0.7587,0.8232
2,all,360,230,0.6389,0.5582,0.7116
3,all,360,287,0.7972,0.7629,0.8344
4,all,360,263,0.7306,0.6844,0.7813
5,all,360,218,0.6056,0.5337,0.6752
6,all,360,244,0.6778,0.5932,0.746
7,all,360,254,0.7056,0.6527,0.7551
8,all,360,281,0.7806,0.745,0.8155
9,all,360,262,0.7278,0.658,0.7897
10,all,360,229,0.6361,0.5556,0.7103
11,all,360,229,0.6361,0.5556,0.7094
1,box_dependent,304,229,0.7533,0.7176,0.7887
2,box_dependent,304,174,0.5724,0.4831,0.6531
3,box_dependent,304,231,0.7599,0.7215,0.802
4,box_dependent,304,208,0.6842,0.6331,0.7407
5,box_dependent,304,163,0.5362,0.4606,0.6113
6,box_dependent,304,188,0.6184,0.5281,0.6929
7,box_dependent,304,198,0.6513,0.5942,0.7054
8,box_dependent,304,225,0.7401,0.7004,0.7792
9,box_dependent,304,206,0.6776,0.6007,0.7473
10,box_dependent,304,173,0.5691,0.4807,0.6522
11,box_dependent,304,173,0.5691,0.4816,0.6514
1,not_box_dependent,56,56,1.0,1.0,1.0
2,not_box_dependent,56,56,1.0,1.0,1.0
3,not_box_dependent,56,56,1.0,1.0,1.0
4,not_box_dependent,56,55,0.9821,0.9464,1.0
5,not_box_dependent,56,55,0.9821,0.9464,1.0
6,not_box_dependent,56,56,1.0,1.0,1.0
7,not_box_dependent,56,56,1.0,1.0,1.0
8,not_box_dependent,56,56,1.0,1.0,1.0
9,not_box_dependent,56,56,1.0,1.0,1.0
10,not_box_dependent,56,56,1.0,1.0,1.0
11,not_box_dependent,56,56,1.0,1.0,1.0
