condition,group,n,correct,accuracy,ci_low,ci_high,agent_error_runs,budget_exceeded,first_interpretation,first_tool_selection,first_result_reading,first_planning_branch,first_calculation,first_answer_formatting,first_exec_fail,first_unknown
1,gold_calls 1,72,69,0.9583,0.8852,1.0,3,2,3,0,0,0,0,0,0,0
1,gold_calls 2,90,81,0.9,0.8295,0.9625,9,4,8,0,0,0,0,0,1,0
1,gold_calls 3,54,48,0.8889,0.8043,0.9778,6,0,6,0,0,0,0,0,0,0
1,gold_calls 4,18,14,0.7778,0.5385,0.95,4,2,4,0,0,0,0,0,0,0
1,gold_calls 5,96,66,0.6875,0.6146,0.7674,30,4,0,30,0,0,0,0,0,0
1,gold_calls 6-9,30,7,0.2333,0.1143,0.3636,23,20,12,10,0,0,1,0,0,0
2,gold_calls 1,72,62,0.8611,0.7544,0.9375,5,4,5,0,0,0,0,0,0,0
2,gold_calls 2,90,56,0.6222,0.4691,0.7642,9,6,8,0,0,0,0,0,1,0
2,gold_calls 3,54,29,0.537,0.4211,0.6545,6,0,6,0,0,0,0,0,0,0
2,gold_calls 4,18,12,0.6667,0.4286,0.875,4,1,4,0,0,0,0,0,0,0
2,gold_calls 5,96,62,0.6458,0.5378,0.7593,30,1,0,29,0,0,0,0,1,0
2,gold_calls 6-9,30,9,0.3,0.119,0.5263,18,13,11,7,0,0,0,0,0,0
4,gold_calls 1,72,54,0.75,0.6429,0.8542,18,11,2,0,1,0,0,0,15,0
4,gold_calls 2,90,69,0.7667,0.6889,0.8488,21,1,20,0,0,0,1,0,0,0
4,gold_calls 3,54,44,0.8148,0.6889,0.9348,10,0,10,0,0,0,0,0,0,0
4,gold_calls 4,18,0,0.0,0.0,0.0,18,0,10,7,0,0,1,0,0,0
4,gold_calls 5,96,74,0.7708,0.7041,0.8421,22,2,0,17,0,0,4,0,1,0
4,gold_calls 6-9,30,22,0.7333,0.5556,0.913,8,1,5,2,0,0,1,0,0,0
5,gold_calls 1,72,51,0.7083,0.5833,0.8169,17,11,2,0,1,0,0,0,14,0
5,gold_calls 2,90,50,0.5556,0.4321,0.6809,18,0,17,0,0,0,1,0,0,0
5,gold_calls 3,54,28,0.5185,0.4082,0.6327,11,0,11,0,0,0,0,0,0,0
5,gold_calls 4,18,0,0.0,0.0,0.0,18,0,10,8,0,0,0,0,0,0
5,gold_calls 5,96,69,0.7188,0.6392,0.8,22,2,0,18,0,0,4,0,0,0
5,gold_calls 6-9,30,20,0.6667,0.4688,0.8889,10,1,5,3,0,0,2,0,0,0
