condition,cell,runs,share_of_all_runs,share_of_wrong_runs
1,correct,285,0.7917,
1,lucky_correct,0,0.0,
1,input_only,0,0.0,0.0
1,agent_only,75,0.2083,1.0
1,both,0,0.0,0.0
2,correct,227,0.6306,
2,lucky_correct,3,0.0083,
2,input_only,61,0.1694,0.4692
2,agent_only,52,0.1444,0.4
2,both,17,0.0472,0.1308
4,correct,263,0.7306,
4,lucky_correct,0,0.0,
4,input_only,0,0.0,0.0
4,agent_only,97,0.2694,1.0
4,both,0,0.0,0.0
5,correct,216,0.6,
5,lucky_correct,2,0.0056,
5,input_only,48,0.1333,0.338
5,agent_only,63,0.175,0.4437
5,both,31,0.0861,0.2183
