comparison,role,subset,n,acc_A,acc_B,diff_A_minus_B,ci_low,ci_high,both_correct,only_A_correct,only_B_correct,both_wrong
1-2,main (primary subset),all,360,0.7917,0.6389,0.1528,0.0988,0.212,214,71,16,59
1-2,main (other subset),box_dependent,304,0.7533,0.5724,0.1809,0.1189,0.2474,158,71,16,59
1-6,main (other subset),all,360,0.7917,0.6778,0.1139,0.0612,0.1801,237,48,7,68
1-6,main (primary subset),box_dependent,304,0.7533,0.6184,0.1349,0.074,0.2081,181,48,7,68
1-7,main (other subset),all,360,0.7917,0.7056,0.0861,0.0501,0.1283,250,35,4,71
1-7,main (primary subset),box_dependent,304,0.7533,0.6513,0.102,0.0601,0.1512,194,35,4,71
1-8,main (other subset),all,360,0.7917,0.7806,0.0111,-0.0064,0.0291,276,9,5,70
1-8,main (primary subset),box_dependent,304,0.7533,0.7401,0.0132,-0.0076,0.0345,220,9,5,70
2-9,main (other subset),all,360,0.6389,0.7278,-0.0889,-0.1135,-0.0619,223,7,39,91
2-9,main (primary subset),box_dependent,304,0.5724,0.6776,-0.1053,-0.1342,-0.0736,167,7,39,91
2-10,main (other subset),all,360,0.6389,0.6361,0.0028,-0.0161,0.0202,224,6,5,125
2-10,main (primary subset),box_dependent,304,0.5724,0.5691,0.0033,-0.0193,0.0241,168,6,5,125
2-11,main (other subset),all,360,0.6389,0.6361,0.0028,-0.0117,0.0169,225,5,4,126
2-11,main (primary subset),box_dependent,304,0.5724,0.5691,0.0033,-0.0138,0.0201,169,5,4,126
1-3,main (primary subset),all,360,0.7917,0.7972,-0.0056,-0.0346,0.0221,274,11,13,62
1-3,main (other subset),box_dependent,304,0.7533,0.7599,-0.0066,-0.041,0.0261,218,11,13,62
1-4,main (primary subset),all,360,0.7917,0.7306,0.0611,0.0083,0.1083,216,69,47,28
1-4,main (other subset),box_dependent,304,0.7533,0.6842,0.0691,0.0071,0.1245,161,68,47,28
2-5,main (primary subset),all,360,0.6389,0.6056,0.0333,-0.0143,0.0748,186,44,32,98
2-5,main (other subset),box_dependent,304,0.5724,0.5362,0.0362,-0.0179,0.0822,131,43,32,98
1-6,placebo,not_box_dependent,56,1.0,1.0,0.0,0.0,0.0,56,0,0,0
1-7,placebo,not_box_dependent,56,1.0,1.0,0.0,0.0,0.0,56,0,0,0
1-8,placebo,not_box_dependent,56,1.0,1.0,0.0,0.0,0.0,56,0,0,0
2-9,placebo,not_box_dependent,56,1.0,1.0,0.0,0.0,0.0,56,0,0,0
2-10,placebo,not_box_dependent,56,1.0,1.0,0.0,0.0,0.0,56,0,0,0
2-11,placebo,not_box_dependent,56,1.0,1.0,0.0,0.0,0.0,56,0,0,0
